date,total_transactions,total_revenue,approval_rate,processing_failure_rate,dispute_rate,revenue_7d_ma,approval_7d_ma,month
2024-01-01,78,22445.11,0.6154,0.0128,0.0,,,2024-01
2024-01-02,71,18254.86,0.7183,0.0423,0.0,,,2024-01
2024-01-03,80,22695.77,0.7375,0.0375,0.0,,,2024-01
2024-01-04,79,22986.96,0.7215,0.0127,0.0,,,2024-01
2024-01-05,72,22492.37,0.7083,0.0,0.0,,,2024-01
2024-01-06,67,17752.63,0.7313,0.0448,0.0,,,2024-01
2024-01-07,65,20678.79,0.7692,0.0154,0.0,21043.78,0.7145,2024-01
2024-01-08,69,20278.17,0.7391,0.0,0.0,20734.22,0.7322,2024-01
2024-01-09,80,23745.85,0.75,0.0125,0.0,21518.65,0.7367,2024-01
2024-01-10,92,27039.88,0.6848,0.0326,0.0,22139.24,0.7292,2024-01
2024-01-11,72,21808.57,0.7222,0.0278,0.0,21970.89,0.7293,2024-01
2024-01-12,52,15619.24,0.7885,0.0192,0.0192,20989.02,0.7407,2024-01
2024-01-13,60,16657.79,0.7667,0.05,0.0,20832.61,0.7458,2024-01
2024-01-14,73,18805.44,0.7808,0.0137,0.0,20564.99,0.7474,2024-01
2024-01-15,87,27358.44,0.6437,0.046,0.0,21576.46,0.7338,2024-01
2024-01-16,86,24762.45,0.6977,0.0116,0.0,21721.69,0.7263,2024-01
2024-01-17,82,24294.37,0.7927,0.0366,0.0,21329.47,0.7418,2024-01
2024-01-18,82,25203.14,0.7439,0.0366,0.0,21814.41,0.7449,2024-01
2024-01-19,65,19947.39,0.7385,0.0462,0.0,22432.72,0.7377,2024-01
2024-01-20,70,20677.8,0.7,0.0429,0.0143,23007.0,0.7282,2024-01
2024-01-21,69,19818.53,0.6667,0.029,0.0,23151.73,0.7119,2024-01
2024-01-22,78,23207.22,0.7692,0.0256,0.0,22558.7,0.7298,2024-01
2024-01-23,79,25806.94,0.7089,0.0759,0.0127,22707.91,0.7314,2024-01
2024-01-24,94,31325.45,0.7766,0.0426,0.0,23712.35,0.7291,2024-01
2024-01-25,57,17107.43,0.6491,0.0175,0.0,22555.82,0.7156,2024-01
2024-01-26,73,22317.36,0.6575,0.0411,0.0,22894.39,0.704,2024-01
2024-01-27,69,20637.14,0.6812,0.0,0.0,22888.58,0.7013,2024-01
2024-01-28,61,16259.41,0.7541,0.0,0.0,22380.14,0.7138,2024-01
2024-01-29,74,21846.59,0.7027,0.0405,0.0,22185.76,0.7043,2024-01
2024-01-30,106,30421.54,0.6604,0.0377,0.0,22844.99,0.6974,2024-01
2024-01-31,86,24782.63,0.7442,0.0233,0.0,21910.3,0.6927,2024-01
2024-02-01,84,24598.97,0.6667,0.0119,0.0,22980.52,0.6953,2024-02
2024-02-02,73,23893.53,0.6438,0.0548,0.0,23205.69,0.6933,2024-02
2024-02-03,65,18308.82,0.6462,0.0154,0.0,22873.07,0.6883,2024-02
2024-02-04,72,25829.56,0.6389,0.0278,0.0,24240.23,0.6718,2024-02
2024-02-05,89,27334.38,0.7079,0.0562,0.0,25024.2,0.6726,2024-02
2024-02-06,79,20920.59,0.6709,0.038,0.0,23666.93,0.6741,2024-02
2024-02-07,120,40282.49,0.725,0.0333,0.0,25881.19,0.6713,2024-02
2024-02-08,66,19187.72,0.8333,0.0455,0.0,25108.16,0.6951,2024-02
2024-02-09,83,24282.31,0.7349,0.012,0.012,25163.7,0.7082,2024-02
2024-02-10,62,16834.19,0.6935,0.0645,0.0,24953.03,0.7149,2024-02
2024-02-11,59,16552.96,0.5424,0.0,0.0,23627.81,0.7011,2024-02
2024-02-12,92,26393.96,0.75,0.0652,0.0,23493.46,0.7071,2024-02
2024-02-13,89,26336.42,0.7416,0.0225,0.0112,24267.15,0.7172,2024-02
2024-02-14,97,28742.07,0.701,0.0103,0.0,22618.52,0.7138,2024-02
2024-02-15,89,25643.32,0.6292,0.0337,0.0112,23540.75,0.6847,2024-02
2024-02-16,74,20577.39,0.6892,0.027,0.0,23011.47,0.6781,2024-02
2024-02-17,87,25994.29,0.7471,0.0345,0.0115,24320.06,0.6858,2024-02
2024-02-18,81,24068.3,0.7037,0.0494,0.0,25393.68,0.7088,2024-02
2024-02-19,74,23257.11,0.7297,0.0,0.0,24945.56,0.7059,2024-02
2024-02-20,75,22276.31,0.7733,0.0133,0.0,24365.54,0.7105,2024-02
2024-02-21,92,27627.36,0.6196,0.0435,0.0,24206.3,0.6988,2024-02
2024-02-22,84,24435.26,0.7738,0.0476,0.0,24033.72,0.7195,2024-02
2024-02-23,83,25459.24,0.7229,0.0241,0.012,24731.12,0.7243,2024-02
2024-02-24,85,25359.61,0.6824,0.0235,0.0,24640.46,0.7151,2024-02
2024-02-25,65,19606.68,0.6923,0.0308,0.0,24003.08,0.7134,2024-02
2024-02-26,76,21894.95,0.7632,0.0132,0.0132,23808.49,0.7182,2024-02
2024-02-27,96,28876.8,0.7708,0.0417,0.0,24751.41,0.7179,2024-02
2024-02-28,82,27630.99,0.8171,0.0366,0.0,24751.93,0.7461,2024-02
2024-02-29,72,20649.89,0.6944,0.0556,0.0139,24211.17,0.7347,2024-02
2024-03-01,92,25713.52,0.6739,0.0543,0.0,24247.49,0.7277,2024-03
2024-03-02,91,26055.47,0.6923,0.0,0.0,24346.9,0.7291,2024-03
2024-03-03,76,20200.23,0.7105,0.0,0.0,24431.69,0.7317,2024-03
2024-03-04,87,22956.38,0.7816,0.069,0.0,24583.33,0.7344,2024-03
2024-03-05,87,26000.64,0.7701,0.0115,0.0115,24172.45,0.7343,2024-03
2024-03-06,96,27331.77,0.7083,0.0521,0.0208,24129.7,0.7187,2024-03
2024-03-07,92,26419.99,0.75,0.0435,0.0,24954.0,0.7267,2024-03
2024-03-08,77,21495.15,0.6623,0.026,0.0,24351.38,0.725,2024-03
2024-03-09,77,23166.05,0.7013,0.039,0.013,23938.6,0.7263,2024-03
2024-03-10,72,18517.34,0.7083,0.0139,0.0,23698.19,0.726,2024-03
2024-03-11,76,21768.91,0.7368,0.0132,0.0,23528.55,0.7196,2024-03
2024-03-12,73,24813.03,0.589,0.0411,0.0,23358.89,0.6937,2024-03
2024-03-13,89,25124.27,0.6742,0.0449,0.0112,23043.53,0.6888,2024-03
2024-03-14,84,24356.81,0.7024,0.0476,0.0119,22748.79,0.682,2024-03
2024-03-15,74,21612.54,0.7703,0.0135,0.0135,22765.56,0.6975,2024-03
2024-03-16,82,22803.9,0.6951,0.0244,0.0,22713.83,0.6966,2024-03
2024-03-17,85,24951.12,0.6588,0.0706,0.0,23632.94,0.6895,2024-03
2024-03-18,84,26243.7,0.75,0.0119,0.0,24272.2,0.6914,2024-03
2024-03-19,91,26499.21,0.6813,0.044,0.0,24513.08,0.7046,2024-03
2024-03-20,110,31177.66,0.7364,0.0273,0.0,25377.85,0.7135,2024-03
2024-03-21,74,21250.71,0.6757,0.0541,0.0135,24934.12,0.7097,2024-03
2024-03-22,97,27192.4,0.6082,0.0309,0.0,25731.24,0.6865,2024-03
2024-03-23,79,22813.24,0.7975,0.0,0.0253,25732.58,0.7011,2024-03
2024-03-24,82,23358.6,0.6951,0.0732,0.0,25505.07,0.7063,2024-03
2024-03-25,67,18541.71,0.806,0.0,0.0,24404.79,0.7143,2024-03
2024-03-26,90,25492.13,0.6778,0.0333,0.0,24260.92,0.7138,2024-03
2024-03-27,90,26581.03,0.6556,0.0222,0.0,23604.26,0.7023,2024-03
2024-03-28,97,28487.7,0.7216,0.0412,0.0,24638.12,0.7088,2024-03
2024-03-29,90,27831.18,0.7222,0.0,0.0,24729.37,0.7251,2024-03
2024-03-30,66,21421.63,0.7576,0.0303,0.0,24530.57,0.7194,2024-03
2024-03-31,81,22647.05,0.7901,0.0494,0.0,24428.92,0.733,2024-03
2024-04-01,79,26053.5,0.7468,0.038,0.0,25502.03,0.7245,2024-04
2024-04-02,94,27941.31,0.766,0.0106,0.0,25851.91,0.7371,2024-04
2024-04-03,95,26926.29,0.7158,0.0,0.0105,25901.24,0.7457,2024-04
2024-04-04,97,28281.08,0.7216,0.0103,0.0,25871.72,0.7457,2024-04
2024-04-05,76,21242.87,0.7105,0.0132,0.0,24930.53,0.7441,2024-04
2024-04-06,66,19702.46,0.803,0.0606,0.0,24684.94,0.7505,2024-04
2024-04-07,69,19161.86,0.6522,0.0145,0.0145,24187.05,0.7308,2024-04
2024-04-08,91,28391.88,0.7582,0.011,0.0,24521.11,0.7325,2024-04
2024-04-09,97,29107.29,0.6289,0.0,0.0,24687.68,0.7129,2024-04
2024-04-10,109,30685.9,0.7064,0.0459,0.0,25224.76,0.7115,2024-04
2024-04-11,92,27533.99,0.5978,0.0435,0.0109,25118.04,0.6939,2024-04
2024-04-12,91,27483.01,0.7033,0.033,0.011,26009.48,0.6928,2024-04
2024-04-13,88,23960.62,0.7045,0.0,0.0,26617.79,0.6788,2024-04
2024-04-14,78,23638.95,0.6667,0.0256,0.0,27257.38,0.6808,2024-04
2024-04-15,81,24037.12,0.8025,0.037,0.0123,26635.27,0.6872,2024-04
2024-04-16,107,29958.19,0.7477,0.0187,0.0,26756.83,0.7041,2024-04
2024-04-17,103,30972.0,0.7087,0.0485,0.0,26797.7,0.7045,2024-04
2024-04-18,87,26779.82,0.6437,0.023,0.0,26689.96,0.711,2024-04
2024-04-19,98,31630.34,0.6837,0.051,0.0,27282.43,0.7082,2024-04
2024-04-20,80,23259.91,0.7875,0.0375,0.0,27182.33,0.7201,2024-04
2024-04-21,86,26773.74,0.7791,0.0233,0.0,27630.16,0.7361,2024-04
2024-04-22,93,30207.35,0.7097,0.0323,0.0,28511.62,0.7229,2024-04
2024-04-23,76,20407.88,0.75,0.0,0.0,27147.29,0.7232,2024-04
2024-04-24,83,23317.32,0.759,0.0361,0.0,26053.77,0.7304,2024-04
2024-04-25,100,29643.58,0.74,0.04,0.0,26462.87,0.7441,2024-04
2024-04-26,99,32873.38,0.7273,0.0,0.0,26640.45,0.7504,2024-04
2024-04-27,59,18286.9,0.6102,0.0678,0.0,25930.02,0.725,2024-04
2024-04-28,79,23401.27,0.6962,0.0253,0.0,25448.24,0.7132,2024-04
2024-04-29,104,31930.02,0.6923,0.0288,0.0,25694.34,0.7107,2024-04
2024-04-30,89,26748.06,0.7079,0.0225,0.0,26600.08,0.7047,2024-04
2024-05-01,106,33620.27,0.6792,0.0094,0.0,28071.93,0.6933,2024-05
2024-05-02,81,21946.04,0.6543,0.0247,0.0,26972.28,0.6811,2024-05
2024-05-03,84,23711.81,0.7143,0.0119,0.0119,25663.48,0.6792,2024-05
2024-05-04,89,25327.19,0.7303,0.0337,0.0,26669.24,0.6964,2024-05
2024-05-05,73,23428.53,0.8356,0.0,0.0,26673.13,0.7163,2024-05
2024-05-06,96,31097.87,0.75,0.0312,0.0,26554.25,0.7245,2024-05
2024-05-07,90,27195.58,0.6778,0.0,0.0111,26618.18,0.7202,2024-05
2024-05-08,99,30692.87,0.7475,0.0101,0.0,26199.98,0.73,2024-05
2024-05-09,94,29163.14,0.734,0.0106,0.0,27231.0,0.7414,2024-05
2024-05-10,87,26012.32,0.6552,0.0345,0.0,27559.64,0.7329,2024-05
2024-05-11,80,22898.72,0.7,0.025,0.0,27212.72,0.7286,2024-05
2024-05-12,94,26827.31,0.5638,0.0106,0.0106,27698.26,0.6898,2024-05
2024-05-13,91,29617.76,0.6703,0.0659,0.0,27486.81,0.6784,2024-05
2024-05-14,73,20600.52,0.6164,0.0685,0.0,26544.66,0.6696,2024-05
2024-05-15,90,27165.87,0.5889,0.0222,0.0111,26040.81,0.6469,2024-05
2024-05-16,92,29582.1,0.5978,0.0109,0.0,26100.66,0.6275,2024-05
2024-05-17,74,20494.9,0.7162,0.0405,0.0,25312.45,0.6362,2024-05
2024-05-18,83,22728.39,0.7349,0.0241,0.012,25288.12,0.6412,2024-05
2024-05-19,73,22732.26,0.7671,0.0548,0.0,24703.11,0.6702,2024-05
2024-05-20,95,26792.16,0.7053,0.0316,0.0,24299.46,0.6752,2024-05
2024-05-21,99,29875.29,0.798,0.0202,0.0,25624.42,0.7012,2024-05
2024-05-22,91,25973.8,0.7253,0.011,0.0,25454.13,0.7207,2024-05
2024-05-23,79,21934.44,0.7342,0.0127,0.0,24361.61,0.7401,2024-05
2024-05-24,71,20008.73,0.7183,0.0423,0.0,24292.15,0.7404,2024-05
2024-05-25,71,19430.29,0.6761,0.0423,0.0,23821.0,0.732,2024-05
2024-05-26,75,20925.96,0.68,0.04,0.0,23562.95,0.7196,2024-05
2024-05-27,97,29780.99,0.6907,0.0206,0.0,23989.93,0.7175,2024-05
2024-05-28,76,23816.8,0.6711,0.0395,0.0,23124.43,0.6994,2024-05
2024-05-29,73,20824.91,0.7534,0.0,0.0,22388.87,0.7034,2024-05
2024-05-30,78,23655.1,0.7179,0.0256,0.0,22634.68,0.7011,2024-05
2024-05-31,76,22519.17,0.6842,0.0,0.0,22993.32,0.6962,2024-05
2024-06-01,71,22583.45,0.7606,0.0423,0.0,23443.77,0.7083,2024-06
2024-06-02,79,23644.26,0.7342,0.0,0.0,23832.1,0.716,2024-06
2024-06-03,82,23445.87,0.7317,0.0366,0.0,22927.08,0.7219,2024-06
2024-06-04,80,25258.05,0.7625,0.0125,0.0,23132.97,0.7349,2024-06
2024-06-05,98,30538.93,0.7551,0.0204,0.0,24520.69,0.7352,2024-06
2024-06-06,90,27143.61,0.6667,0.0556,0.0,25019.05,0.7279,2024-06
2024-06-07,80,23967.93,0.8,0.0125,0.0,25226.01,0.7444,2024-06
2024-06-08,78,23840.06,0.7179,0.0128,0.0,25405.53,0.7383,2024-06
2024-06-09,71,23556.77,0.6901,0.0141,0.0141,25393.03,0.732,2024-06
2024-06-10,83,24837.76,0.6627,0.012,0.0,25591.87,0.7221,2024-06
2024-06-11,91,27076.85,0.6813,0.011,0.0,25851.7,0.7105,2024-06
2024-06-12,112,33259.46,0.7054,0.0268,0.0,26240.35,0.7034,2024-06
2024-06-13,93,25662.66,0.7419,0.0108,0.0215,26028.78,0.7142,2024-06
2024-06-14,73,22018.66,0.726,0.0137,0.0137,25750.32,0.7036,2024-06
2024-06-15,74,21954.19,0.7027,0.0405,0.0,25480.91,0.7014,2024-06
2024-06-16,70,20323.65,0.6714,0.0143,0.0,25019.03,0.6988,2024-06
2024-06-17,87,25844.11,0.7241,0.046,0.0,25162.8,0.7075,2024-06
2024-06-18,86,25488.23,0.7442,0.0349,0.0,24935.85,0.7165,2024-06
2024-06-19,95,26921.36,0.7474,0.0421,0.0,24030.41,0.7225,2024-06
2024-06-20,94,27640.74,0.7234,0.0213,0.0,24312.99,0.7199,2024-06
2024-06-21,81,25242.74,0.7531,0.0494,0.0,24773.57,0.7238,2024-06
2024-06-22,84,23202.4,0.6786,0.0238,0.0,24951.89,0.7203,2024-06
2024-06-23,73,20896.18,0.7945,0.0274,0.0137,25033.68,0.7379,2024-06
2024-06-24,75,20165.68,0.72,0.0,0.0,24222.48,0.7373,2024-06
2024-06-25,79,22031.38,0.7215,0.0506,0.0127,23728.64,0.7341,2024-06
2024-06-26,91,28135.2,0.7143,0.011,0.0,23902.05,0.7293,2024-06
2024-06-27,70,20662.66,0.7143,0.0714,0.0,22905.18,0.728,2024-06
2024-06-28,72,21293.75,0.6111,0.0139,0.0,22341.04,0.7078,2024-06
2024-06-29,71,21282.22,0.7042,0.0141,0.0,22066.72,0.7114,2024-06
2024-06-30,72,19297.43,0.6667,0.0139,0.0,21838.33,0.6932,2024-06
2024-07-01,79,20625.67,0.7342,0.038,0.0127,21904.04,0.6952,2024-07
2024-07-02,88,25323.2,0.7273,0.0,0.0,22374.3,0.696,2024-07
2024-07-03,71,20997.34,0.7606,0.0141,0.0,21354.61,0.7026,2024-07
2024-07-04,73,22663.42,0.6986,0.0,0.0137,21640.43,0.7004,2024-07
2024-07-05,74,20388.56,0.7568,0.027,0.0,21511.12,0.7212,2024-07
2024-07-06,71,22931.6,0.5915,0.0,0.0,21746.75,0.7051,2024-07
2024-07-07,94,28827.85,0.766,0.0213,0.0,23108.23,0.7193,2024-07
2024-07-08,69,21602.01,0.7391,0.0,0.0,23247.71,0.72,2024-07
2024-07-09,96,27759.71,0.7188,0.0417,0.0104,23595.78,0.7188,2024-07
2024-07-10,85,23664.32,0.7647,0.0118,0.0118,23976.78,0.7194,2024-07
2024-07-11,86,25651.89,0.7209,0.0233,0.0,24403.71,0.7225,2024-07
2024-07-12,68,20787.58,0.75,0.0,0.0,24460.71,0.7216,2024-07
2024-07-13,68,20433.1,0.7059,0.0,0.0,24103.78,0.7379,2024-07
2024-07-14,78,21897.05,0.6538,0.0256,0.0,23113.67,0.7219,2024-07
2024-07-15,71,20410.97,0.7746,0.0282,0.0,22943.52,0.727,2024-07
2024-07-16,88,25702.73,0.7727,0.0,0.0,22649.66,0.7347,2024-07
2024-07-17,89,26014.88,0.6517,0.0449,0.0,22985.46,0.7185,2024-07
2024-07-18,63,17988.2,0.6667,0.0,0.0159,21890.64,0.7108,2024-07
2024-07-19,68,19269.67,0.6912,0.0441,0.0,21673.8,0.7024,2024-07
2024-07-20,66,19042.91,0.697,0.0455,0.0,21475.2,0.7011,2024-07
2024-07-21,72,21156.41,0.6528,0.0417,0.0,21369.4,0.701,2024-07
2024-07-22,85,24816.02,0.6706,0.0353,0.0,21998.69,0.6861,2024-07
2024-07-23,84,25457.36,0.6071,0.0476,0.0,21963.64,0.6624,2024-07
2024-07-24,77,22801.24,0.7013,0.026,0.013,21504.54,0.6695,2024-07
2024-07-25,77,22808.96,0.6494,0.026,0.0,22193.22,0.6671,2024-07
2024-07-26,63,21188.48,0.746,0.0,0.0159,22467.34,0.6749,2024-07
2024-07-27,65,19957.61,0.7077,0.0308,0.0,22598.01,0.6764,2024-07
2024-07-28,72,20899.68,0.6944,0.0278,0.0139,22561.34,0.6824,2024-07
2024-07-29,77,21556.74,0.7922,0.039,0.0,22095.72,0.6997,2024-07
2024-07-30,91,27689.13,0.6154,0.011,0.0,22414.55,0.7009,2024-07
2024-07-31,90,28269.15,0.7444,0.0333,0.0,23195.68,0.7071,2024-07
2024-08-01,85,26739.5,0.7059,0.0353,0.0,23757.18,0.7151,2024-08
2024-08-02,71,22647.88,0.7606,0.0,0.0,23965.67,0.7172,2024-08
2024-08-03,71,23041.77,0.5915,0.0141,0.0,24406.26,0.7006,2024-08
2024-08-04,80,24421.75,0.6125,0.0375,0.0125,24909.42,0.6889,2024-08
2024-08-05,62,18674.91,0.8226,0.0645,0.0,24497.73,0.6933,2024-08
2024-08-06,85,27136.27,0.7294,0.0471,0.0,24418.75,0.7096,2024-08
2024-08-07,77,22504.4,0.7273,0.013,0.0,23595.21,0.7071,2024-08
2024-08-08,69,18839.14,0.6087,0.058,0.0,22466.59,0.6932,2024-08
2024-08-09,78,23453.86,0.7308,0.0128,0.0,22581.73,0.689,2024-08
2024-08-10,80,25610.84,0.775,0.0375,0.0,22948.74,0.7152,2024-08
2024-08-11,71,21479.11,0.7183,0.0,0.0141,22528.36,0.7303,2024-08
2024-08-12,88,27060.01,0.7045,0.0,0.0,23726.23,0.7134,2024-08
2024-08-13,84,26439.83,0.7857,0.0476,0.0357,23626.74,0.7215,2024-08
2024-08-14,69,19589.29,0.7826,0.0145,0.0,23210.3,0.7294,2024-08
2024-08-15,82,24794.48,0.7195,0.0366,0.0,24061.06,0.7452,2024-08
2024-08-16,77,23995.07,0.6883,0.039,0.013,24138.38,0.7391,2024-08
2024-08-17,71,21762.01,0.7606,0.0563,0.0,23588.54,0.7371,2024-08
2024-08-18,80,25874.88,0.7625,0.0375,0.0125,24216.51,0.7434,2024-08
2024-08-19,83,22523.2,0.6747,0.0361,0.0,23568.39,0.7391,2024-08
2024-08-20,74,20849.35,0.7297,0.0135,0.0,22769.75,0.7311,2024-08
2024-08-21,86,27578.89,0.6744,0.0465,0.0,23911.13,0.7157,2024-08
2024-08-22,85,25331.52,0.7176,0.0235,0.0,23987.85,0.7154,2024-08
2024-08-23,73,22670.61,0.726,0.0685,0.0137,23798.64,0.7208,2024-08
2024-08-24,67,19190.13,0.7313,0.0448,0.0149,23431.23,0.7166,2024-08
2024-08-25,66,19234.23,0.7121,0.0152,0.0,22482.56,0.7094,2024-08
2024-08-26,68,20001.58,0.6765,0.0147,0.0,22122.33,0.7097,2024-08
2024-08-27,82,24480.93,0.622,0.0366,0.0,22641.13,0.6943,2024-08
2024-08-28,84,24205.6,0.631,0.0238,0.0,22159.23,0.6881,2024-08
2024-08-29,69,19390.7,0.7246,0.029,0.0,21310.54,0.6891,2024-08
2024-08-30,61,17766.4,0.7541,0.0164,0.0,20609.94,0.6931,2024-08
2024-08-31,75,21120.58,0.7067,0.0533,0.0,20885.72,0.6896,2024-08
2024-09-01,67,21108.91,0.7164,0.0448,0.0,21153.53,0.6902,2024-09
2024-09-02,69,20956.7,0.7391,0.058,0.0,21289.97,0.6991,2024-09
2024-09-03,72,22793.3,0.7222,0.0278,0.0,21048.88,0.7134,2024-09
2024-09-04,76,23066.79,0.6974,0.0132,0.0,20886.2,0.7229,2024-09
2024-09-05,84,25289.18,0.7143,0.0119,0.0,21728.84,0.7215,2024-09
2024-09-06,84,24464.1,0.7143,0.0119,0.0,22685.65,0.7158,2024-09
2024-09-07,74,19453.63,0.7027,0.0135,0.0135,22447.52,0.7152,2024-09
2024-09-08,55,18297.37,0.7636,0.0,0.0,22045.87,0.7219,2024-09
2024-09-09,66,18408.4,0.7424,0.0303,0.0,21681.82,0.7224,2024-09
2024-09-10,65,19246.26,0.7231,0.0308,0.0,21175.1,0.7225,2024-09
2024-09-11,75,26528.29,0.8,0.04,0.0133,21669.6,0.7372,2024-09
2024-09-12,79,22905.79,0.7595,0.0127,0.0,21329.12,0.7437,2024-09
2024-09-13,61,17096.82,0.7213,0.0164,0.0,20276.65,0.7447,2024-09
2024-09-14,75,23237.36,0.7333,0.04,0.0,20817.18,0.749,2024-09
2024-09-15,59,18575.93,0.7797,0.0169,0.0,20856.98,0.7513,2024-09
2024-09-16,68,17909.12,0.7206,0.0441,0.0,20785.65,0.7482,2024-09
2024-09-17,73,20019.38,0.6986,0.0274,0.0,20896.1,0.7447,2024-09
2024-09-18,77,25243.65,0.7273,0.013,0.0,20712.58,0.7343,2024-09
2024-09-19,79,23247.75,0.7342,0.0253,0.0,20761.43,0.7307,2024-09
2024-09-20,80,25092.95,0.725,0.0375,0.0,21903.73,0.7312,2024-09
2024-09-21,59,19128.26,0.7288,0.0339,0.0,21316.72,0.7306,2024-09
2024-09-22,72,21937.82,0.7361,0.0417,0.0,21796.99,0.7244,2024-09
2024-09-23,79,22654.87,0.8101,0.038,0.0,22474.95,0.7372,2024-09
2024-09-24,91,25211.95,0.7582,0.011,0.0,23216.75,0.7457,2024-09
2024-09-25,74,21636.19,0.7973,0.0135,0.0135,22701.4,0.7557,2024-09
2024-09-26,70,21941.7,0.7714,0.0143,0.0,22514.82,0.761,2024-09
2024-09-27,74,20358.14,0.7432,0.0,0.0135,21838.42,0.7636,2024-09
2024-09-28,60,15307.28,0.7667,0.05,0.0,21292.56,0.769,2024-09
2024-09-29,62,18780.35,0.6774,0.0161,0.0161,20841.5,0.7606,2024-09
2024-09-30,74,22920.78,0.7838,0.0946,0.0,20879.48,0.7569,2024-09
2024-10-01,90,28204.53,0.7,0.0111,0.0,21307.0,0.7485,2024-10
2024-10-02,92,27633.58,0.6848,0.0109,0.0,22163.77,0.7325,2024-10
2024-10-03,79,21556.79,0.7215,0.0,0.0,22108.78,0.7253,2024-10
2024-10-04,68,18900.7,0.7353,0.0294,0.0,21900.57,0.7242,2024-10
2024-10-05,57,18122.9,0.7544,0.0351,0.0,22302.8,0.7225,2024-10
2024-10-06,61,19483.22,0.7541,0.0984,0.0,22403.21,0.7334,2024-10
2024-10-07,69,19668.42,0.6232,0.0435,0.0,21938.59,0.7105,2024-10
2024-10-08,103,28795.93,0.7379,0.0388,0.0,22023.08,0.7159,2024-10
2024-10-09,75,21627.74,0.7333,0.0,0.0133,21165.1,0.7228,2024-10
2024-10-10,64,16684.0,0.7969,0.0156,0.0,20468.99,0.7336,2024-10
2024-10-11,72,20597.39,0.6667,0.0278,0.0,20711.37,0.7238,2024-10
2024-10-12,71,21913.93,0.7324,0.0423,0.0,21252.95,0.7206,2024-10
2024-10-13,82,27287.4,0.7927,0.0122,0.0122,22367.83,0.7262,2024-10
2024-10-14,74,22123.78,0.7027,0.0135,0.0,22718.6,0.7375,2024-10
2024-10-15,73,19205.51,0.7123,0.0,0.0137,21348.54,0.7339,2024-10
2024-10-16,93,27483.61,0.7097,0.0323,0.0,22185.09,0.7305,2024-10
2024-10-17,88,28275.52,0.6477,0.0114,0.0114,23841.02,0.7092,2024-10
2024-10-18,60,17326.61,0.6667,0.0167,0.0,23373.77,0.7092,2024-10
2024-10-19,52,15098.2,0.6538,0.0192,0.0,22400.09,0.6979,2024-10
2024-10-20,71,19725.42,0.7324,0.0423,0.0141,21319.81,0.6893,2024-10
2024-10-21,69,21490.15,0.6667,0.0,0.0,21229.29,0.6842,2024-10
2024-10-22,92,27644.17,0.7283,0.0,0.0,22434.81,0.6865,2024-10
2024-10-23,92,28377.33,0.7935,0.0217,0.0,22562.49,0.6984,2024-10
2024-10-24,86,28400.55,0.7326,0.0698,0.0,22580.35,0.7106,2024-10
2024-10-25,71,21757.78,0.7042,0.0282,0.0,23213.37,0.7159,2024-10
2024-10-26,55,16946.12,0.6182,0.0182,0.0,23477.36,0.7108,2024-10
2024-10-27,72,21519.01,0.7222,0.0278,0.0,23733.59,0.7094,2024-10
2024-10-28,75,23364.31,0.7467,0.0267,0.0,24001.32,0.7208,2024-10
2024-10-29,71,22248.27,0.6761,0.0282,0.0282,23230.48,0.7134,2024-10
2024-10-30,80,23154.79,0.6875,0.0375,0.025,22484.4,0.6982,2024-10
2024-10-31,71,20119.53,0.7324,0.0,0.0,21301.4,0.6982,2024-10
2024-11-01,69,21926.04,0.7681,0.0,0.0,21325.44,0.7073,2024-11
2024-11-02,61,18098.1,0.7213,0.0164,0.0,21490.01,0.722,2024-11
2024-11-03,77,23934.48,0.7403,0.026,0.0,21835.07,0.7246,2024-11
2024-11-04,66,21303.17,0.6061,0.0455,0.0,21540.63,0.7045,2024-11
2024-11-05,94,26766.07,0.7872,0.0106,0.0,22186.03,0.7204,2024-11
2024-11-06,86,24256.31,0.7093,0.0233,0.0,22343.39,0.7235,2024-11
2024-11-07,89,24755.3,0.7753,0.0112,0.0112,23005.64,0.7297,2024-11
2024-11-08,70,20973.76,0.7,0.0143,0.0,22869.6,0.7199,2024-11
2024-11-09,68,20954.19,0.7794,0.0147,0.0,23277.61,0.7282,2024-11
2024-11-10,71,21520.06,0.662,0.0141,0.0,22932.69,0.717,2024-11
2024-11-11,81,22238.37,0.6667,0.0247,0.0,23066.29,0.7257,2024-11
2024-11-12,84,25332.76,0.7024,0.0119,0.0,22861.54,0.7136,2024-11
2024-11-13,99,28727.83,0.7273,0.0202,0.0101,23500.32,0.7162,2024-11
2024-11-14,80,22884.53,0.6875,0.0375,0.0125,23233.07,0.7036,2024-11
2024-11-15,59,17062.75,0.7119,0.0339,0.0,22674.36,0.7053,2024-11
2024-11-16,66,19534.51,0.7424,0.0606,0.0,22471.54,0.7,2024-11
2024-11-17,63,18853.96,0.7143,0.0317,0.0,22090.67,0.7075,2024-11
2024-11-18,75,23354.85,0.8133,0.0,0.0133,22250.17,0.7284,2024-11
2024-11-19,84,25731.52,0.7619,0.0119,0.0,22307.14,0.7369,2024-11
2024-11-20,95,26646.71,0.7579,0.0,0.0211,22009.83,0.7413,2024-11
2024-11-21,88,26826.64,0.7045,0.0114,0.0114,22572.99,0.7437,2024-11
2024-11-22,78,22549.23,0.6538,0.0641,0.0,23356.77,0.7354,2024-11
2024-11-23,75,24774.6,0.64,0.0133,0.0133,24105.36,0.7208,2024-11
2024-11-24,87,25836.44,0.7356,0.0,0.0115,25102.86,0.7239,2024-11
2024-11-25,79,22357.69,0.6203,0.0633,0.0,24960.4,0.6963,2024-11
2024-11-26,94,26751.72,0.7021,0.0319,0.0106,25106.15,0.6877,2024-11
2024-11-27,104,28599.56,0.7115,0.0673,0.0,25385.13,0.6811,2024-11
2024-11-28,76,24481.63,0.7368,0.0395,0.0,25050.12,0.6857,2024-11
2024-11-29,83,22079.02,0.6747,0.0241,0.0,24982.95,0.6887,2024-11
2024-11-30,58,17115.99,0.7069,0.0345,0.0,23888.86,0.6983,2024-11
2024-12-01,78,22885.92,0.6667,0.0641,0.0,23467.36,0.6884,2024-12
2024-12-02,85,23157.04,0.6471,0.0353,0.0,23581.55,0.6923,2024-12
2024-12-03,74,22550.3,0.6757,0.0405,0.0,22981.35,0.6885,2024-12
2024-12-04,81,23847.99,0.7654,0.0247,0.0123,22302.56,0.6962,2024-12
2024-12-05,99,28214.6,0.596,0.0101,0.0,22835.84,0.6761,2024-12
2024-12-06,68,20666.41,0.6471,0.0588,0.0,22634.04,0.6721,2024-12
2024-12-07,81,26926.37,0.716,0.0247,0.0,24035.52,0.6734,2024-12
2024-12-08,77,20612.81,0.6623,0.026,0.0,23710.79,0.6728,2024-12
2024-12-09,86,27902.85,0.7209,0.0233,0.0,24388.76,0.6833,2024-12
2024-12-10,83,24614.44,0.7229,0.0,0.012,24683.64,0.6901,2024-12
2024-12-11,92,27958.74,0.7065,0.0543,0.0109,25270.89,0.6817,2024-12
2024-12-12,75,23906.25,0.76,0.0,0.0,24655.41,0.7051,2024-12
2024-12-13,83,24138.88,0.6747,0.0361,0.0,25151.48,0.709,2024-12
2024-12-14,73,22180.11,0.6986,0.0137,0.0,24473.44,0.7066,2024-12
2024-12-15,93,25643.05,0.7849,0.0215,0.0,25192.05,0.7241,2024-12
2024-12-16,70,20206.16,0.7,0.0143,0.0,24092.52,0.7211,2024-12
2024-12-17,93,28039.74,0.7742,0.043,0.0,24581.85,0.7284,2024-12
2024-12-18,96,26474.36,0.7188,0.0104,0.0,24369.79,0.7302,2024-12
2024-12-19,99,29092.39,0.7677,0.0404,0.0101,25110.67,0.7313,2024-12
2024-12-20,79,20368.94,0.7848,0.038,0.0,24572.11,0.747,2024-12
2024-12-21,81,22647.71,0.7531,0.0741,0.0,24638.91,0.7548,2024-12
2024-12-22,79,23355.82,0.7089,0.0127,0.0,24312.16,0.7439,2024-12
2024-12-23,88,24061.7,0.75,0.0,0.0114,24862.95,0.7511,2024-12
2024-12-24,80,23571.13,0.6875,0.05,0.0,24224.58,0.7387,2024-12
2024-12-25,92,27437.25,0.7065,0.0543,0.0,24362.13,0.7369,2024-12
2024-12-26,95,25261.16,0.6316,0.0211,0.0,23814.82,0.7175,2024-12
2024-12-27,98,29645.17,0.7755,0.0102,0.0,25139.99,0.7162,2024-12
2024-12-28,85,25397.67,0.6235,0.0353,0.0,25532.84,0.6976,2024-12
2024-12-29,73,18904.79,0.7123,0.0274,0.0,24896.98,0.6981,2024-12
2024-12-30,94,24918.92,0.7447,0.0106,0.0,25019.44,0.6974,2024-12
2024-12-31,87,25745.63,0.7356,0.0575,0.0115,25330.08,0.7042,2024-12
2025-01-01,119,33785.59,0.6723,0.0504,0.0,26236.99,0.6994,2025-01
2025-01-02,88,27695.15,0.6932,0.0,0.0,26584.7,0.7082,2025-01
2025-01-03,92,26622.15,0.7174,0.0217,0.0,26152.84,0.6999,2025-01
2025-01-04,75,20985.62,0.72,0.0533,0.0,25522.55,0.7136,2025-01
2025-01-05,81,21698.77,0.7778,0.037,0.0,25921.69,0.723,2025-01
2025-01-06,108,31232.29,0.7037,0.0185,0.0093,26823.6,0.7171,2025-01
2025-01-07,103,29245.87,0.7087,0.0194,0.0,27323.63,0.7133,2025-01
2025-01-08,101,32390.42,0.703,0.0297,0.0099,27124.32,0.7177,2025-01
2025-01-09,106,34939.66,0.7547,0.0094,0.0,28159.25,0.7265,2025-01
2025-01-10,88,25905.26,0.7159,0.0227,0.0,28056.84,0.7263,2025-01
2025-01-11,82,22278.8,0.7073,0.0,0.0,28241.58,0.7244,2025-01
2025-01-12,89,26919.39,0.809,0.0449,0.0,28987.38,0.7289,2025-01
2025-01-13,95,27796.47,0.7684,0.0316,0.0105,28496.55,0.7381,2025-01
2025-01-14,95,27267.59,0.7684,0.0211,0.0,28213.94,0.7467,2025-01
2025-01-15,87,26059.85,0.7241,0.023,0.0,27309.57,0.7497,2025-01
2025-01-16,92,28225.2,0.6848,0.0326,0.0,26350.37,0.7397,2025-01
2025-01-17,105,29784.32,0.7048,0.019,0.0,26904.52,0.7381,2025-01
2025-01-18,84,25834.58,0.7024,0.0119,0.0,27412.49,0.7374,2025-01
2025-01-19,102,30571.65,0.7255,0.0098,0.0,27934.24,0.7255,2025-01
2025-01-20,101,29797.73,0.7723,0.0198,0.0099,28220.13,0.726,2025-01
2025-01-21,100,30779.8,0.77,0.0,0.0,28721.88,0.7263,2025-01
2025-01-22,103,32373.42,0.7184,0.0097,0.0,29623.81,0.7255,2025-01
2025-01-23,106,32709.33,0.7075,0.0189,0.0094,30264.4,0.7287,2025-01
2025-01-24,91,25674.08,0.6593,0.033,0.0,29677.23,0.7222,2025-01
2025-01-25,91,25984.96,0.6703,0.0549,0.0,29698.71,0.7176,2025-01
2025-01-26,99,28829.38,0.7071,0.0202,0.0,29449.81,0.715,2025-01
2025-01-27,83,24664.91,0.7229,0.0241,0.0,28716.55,0.7079,2025-01
2025-01-28,104,31752.24,0.6442,0.0673,0.0,28855.47,0.69,2025-01
2025-01-29,100,29026.19,0.75,0.03,0.0,28377.3,0.6945,2025-01
2025-01-30,80,22755.2,0.725,0.0375,0.0125,26955.28,0.697,2025-01
2025-01-31,94,26024.26,0.6915,0.0213,0.0,27005.31,0.7016,2025-01
2025-02-01,99,30078.86,0.7475,0.0303,0.0,27590.15,0.7126,2025-02
2025-02-02,85,27354.28,0.7176,0.0471,0.0,27379.42,0.7141,2025-02
2025-02-03,95,29653.99,0.6632,0.0316,0.0,28092.15,0.7056,2025-02
2025-02-04,123,35964.6,0.6667,0.0407,0.0163,28693.91,0.7088,2025-02
2025-02-05,113,32524.98,0.7257,0.0265,0.0,29193.74,0.7053,2025-02
2025-02-06,105,32235.95,0.6857,0.0286,0.0,30548.13,0.6997,2025-02
2025-02-07,85,25054.73,0.6824,0.0,0.0,30409.63,0.6984,2025-02
2025-02-08,82,23246.51,0.6829,0.0366,0.0,29433.58,0.6892,2025-02
2025-02-09,82,26878.72,0.5976,0.0854,0.0,29365.64,0.672,2025-02
2025-02-10,102,28949.37,0.6863,0.0294,0.0,29264.98,0.6753,2025-02
2025-02-11,125,36578.39,0.696,0.064,0.008,29352.66,0.6795,2025-02
2025-02-12,119,35756.04,0.7059,0.0252,0.0,29814.24,0.6767,2025-02
2025-02-13,125,34870.03,0.664,0.032,0.0,30190.54,0.6736,2025-02
2025-02-14,102,30493.97,0.7255,0.0392,0.0,30967.58,0.6797,2025-02
2025-02-15,93,24964.52,0.6882,0.0323,0.0,31213.01,0.6805,2025-02
2025-02-16,94,29519.31,0.7234,0.0106,0.0106,31590.23,0.6985,2025-02
2025-02-17,95,29701.3,0.6947,0.0526,0.0105,31697.65,0.6997,2025-02
2025-02-18,117,32789.69,0.7265,0.0342,0.0,31156.41,0.704,2025-02
2025-02-19,117,33019.69,0.7607,0.0256,0.0,30765.5,0.7119,2025-02
2025-02-20,111,30504.2,0.6577,0.027,0.0,30141.81,0.711,2025-02
2025-02-21,99,28157.17,0.7778,0.0,0.0,29807.98,0.7184,2025-02
2025-02-22,89,25334.69,0.6966,0.0337,0.0,29860.86,0.7196,2025-02
2025-02-23,101,29912.67,0.7228,0.0495,0.0,29917.06,0.7195,2025-02
2025-02-24,114,31323.3,0.7281,0.0351,0.0,30148.77,0.7243,2025-02
2025-02-25,114,31376.05,0.7807,0.0439,0.0175,29946.82,0.7321,2025-02
2025-02-26,118,33784.12,0.7203,0.0,0.0085,30056.03,0.7263,2025-02
2025-02-27,97,27263.7,0.7216,0.0619,0.0103,29593.1,0.7354,2025-02
2025-02-28,93,25919.39,0.6989,0.0108,0.0,29273.42,0.7241,2025-02
2025-03-01,90,28063.42,0.7,0.0556,0.0111,29663.24,0.7246,2025-03
2025-03-02,92,26290.85,0.587,0.0435,0.0,29145.83,0.7052,2025-03
2025-03-03,91,25338.94,0.6593,0.033,0.0,28290.92,0.6954,2025-03
2025-03-04,109,31572.19,0.6972,0.0092,0.0092,28318.94,0.6835,2025-03
2025-03-05,119,36904.97,0.7311,0.0168,0.0,28764.78,0.685,2025-03
2025-03-06,124,35459.49,0.7339,0.0323,0.0,29935.61,0.6868,2025-03
2025-03-07,88,24226.12,0.7159,0.0341,0.0,29693.71,0.6892,2025-03
2025-03-08,97,25452.65,0.7216,0.0309,0.0103,29320.74,0.6923,2025-03
2025-03-09,112,32176.72,0.6964,0.0268,0.0,30161.58,0.7079,2025-03
2025-03-10,87,29341.03,0.7356,0.023,0.0,30733.31,0.7188,2025-03
2025-03-11,128,40909.17,0.7422,0.0156,0.0,32067.16,0.7252,2025-03
2025-03-12,108,32974.82,0.713,0.0463,0.0,31505.71,0.7227,2025-03
2025-03-13,112,32418.89,0.7321,0.0625,0.0,31071.34,0.7224,2025-03
2025-03-14,100,27797.17,0.69,0.0,0.0,31581.49,0.7187,2025-03
2025-03-15,101,28599.42,0.7525,0.0099,0.0099,32031.03,0.7231,2025-03
2025-03-16,104,27836.59,0.6923,0.0288,0.0096,31411.01,0.7225,2025-03
2025-03-17,116,34690.52,0.7328,0.0431,0.0086,32175.23,0.7221,2025-03
2025-03-18,115,38374.61,0.7826,0.0174,0.0174,31813.15,0.7279,2025-03
2025-03-19,106,29869.87,0.7075,0.0377,0.0094,31369.58,0.7271,2025-03
2025-03-20,123,35875.82,0.6992,0.0569,0.0,31863.43,0.7224,2025-03
2025-03-21,102,30475.8,0.7059,0.0392,0.0,32246.09,0.7247,2025-03
2025-03-22,88,25846.13,0.7614,0.0,0.0114,31852.76,0.726,2025-03
2025-03-23,89,25500.1,0.6966,0.0112,0.0,31518.98,0.7266,2025-03
2025-03-24,98,29244.42,0.6429,0.0714,0.0,30740.96,0.7137,2025-03
2025-03-25,129,38910.33,0.7442,0.0233,0.0,30817.5,0.7082,2025-03
2025-03-26,117,34543.24,0.547,0.0256,0.0,31485.12,0.6853,2025-03
2025-03-27,105,30055.92,0.7048,0.0476,0.0,30653.71,0.6861,2025-03
2025-03-28,108,29627.33,0.6944,0.0093,0.0093,30532.5,0.6845,2025-03
2025-03-29,87,26666.0,0.7816,0.0345,0.0,30649.62,0.6874,2025-03
2025-03-30,105,30707.79,0.7143,0.0095,0.0,31393.58,0.6899,2025-03
2025-03-31,104,31447.41,0.7404,0.0192,0.0192,31708.29,0.7038,2025-03
2025-04-01,113,34024.39,0.7522,0.0088,0.0,31010.3,0.705,2025-04
2025-04-02,119,33319.68,0.7143,0.0168,0.0168,30835.5,0.7289,2025-04
2025-04-03,119,35493.18,0.7479,0.0336,0.0,31612.25,0.735,2025-04
2025-04-04,95,28113.31,0.7579,0.0316,0.0,31395.97,0.7441,2025-04
2025-04-05,98,30216.71,0.7653,0.0204,0.0102,31903.21,0.7418,2025-04
2025-04-06,108,27991.97,0.7685,0.0093,0.0,31515.24,0.7495,2025-04
2025-04-07,116,31670.32,0.6638,0.0172,0.0,31547.08,0.7386,2025-04
2025-04-08,119,36110.52,0.6975,0.0336,0.0,31845.1,0.7307,2025-04
2025-04-09,120,35742.18,0.7583,0.025,0.0,32191.17,0.737,2025-04
2025-04-10,123,35285.35,0.7642,0.0244,0.0,32161.48,0.7394,2025-04
2025-04-11,95,27843.59,0.7684,0.0105,0.0,32122.95,0.7409,2025-04
2025-04-12,89,25792.57,0.6629,0.0112,0.0,31490.93,0.7262,2025-04
2025-04-13,90,31930.53,0.7778,0.0222,0.0,32053.58,0.7276,2025-04
2025-04-14,98,31013.83,0.7449,0.0306,0.0,31959.8,0.7391,2025-04
2025-04-15,117,33655.68,0.7436,0.0171,0.0,31609.1,0.7457,2025-04
2025-04-16,117,32706.71,0.7436,0.0598,0.0,31175.47,0.7436,2025-04
2025-04-17,120,37549.24,0.7833,0.0167,0.0083,31498.88,0.7464,2025-04
2025-04-18,115,33487.49,0.7304,0.0348,0.0087,32305.15,0.7409,2025-04
2025-04-19,90,26266.03,0.6778,0.0333,0.0,32372.79,0.7431,2025-04
2025-04-20,95,27079.96,0.7579,0.0316,0.0,31679.85,0.7402,2025-04
2025-04-21,117,30514.66,0.7607,0.0085,0.0,31608.54,0.7425,2025-04
2025-04-22,112,33335.33,0.7946,0.0446,0.0089,31562.77,0.7498,2025-04
2025-04-23,103,29526.54,0.699,0.0097,0.0,31108.46,0.7434,2025-04
2025-04-24,98,29072.44,0.7143,0.0306,0.0102,29897.49,0.7335,2025-04
2025-04-25,101,28187.3,0.6832,0.0099,0.0,29140.32,0.7268,2025-04
2025-04-26,109,30734.35,0.7339,0.0642,0.0,29778.65,0.7348,2025-04
2025-04-27,88,25981.17,0.6364,0.0114,0.0114,29621.68,0.7174,2025-04
2025-04-28,105,30155.3,0.7714,0.0095,0.0095,29570.35,0.719,2025-04
2025-04-29,118,35924.02,0.7203,0.0169,0.0,29940.16,0.7084,2025-04
2025-04-30,115,34655.89,0.7217,0.0261,0.0,30672.92,0.7116,2025-04
2025-05-01,112,32210.52,0.75,0.0625,0.0,31121.22,0.7167,2025-05
2025-05-02,118,37031.62,0.6695,0.0424,0.0,32384.7,0.7147,2025-05
2025-05-03,98,29349.17,0.6735,0.0408,0.0102,32186.81,0.7061,2025-05
2025-05-04,104,28560.0,0.7788,0.0192,0.0,32555.22,0.7265,2025-05
2025-05-05,112,32551.07,0.6964,0.0268,0.0,32897.47,0.7157,2025-05
2025-05-06,140,39960.08,0.6714,0.0286,0.0,33474.05,0.7088,2025-05
2025-05-07,110,32424.95,0.6818,0.0182,0.0,33155.34,0.7031,2025-05
2025-05-08,104,31987.58,0.7019,0.0192,0.0,33123.5,0.6962,2025-05
2025-05-09,114,37336.48,0.7368,0.0439,0.0,33167.05,0.7058,2025-05
2025-05-10,97,29710.23,0.7216,0.0412,0.0,33218.63,0.7127,2025-05
2025-05-11,109,31019.02,0.6055,0.0183,0.0,33569.92,0.6879,2025-05
2025-05-12,107,32369.48,0.729,0.0187,0.0,33543.97,0.6926,2025-05
2025-05-13,109,31289.09,0.7431,0.0275,0.0,32305.26,0.7028,2025-05
2025-05-14,111,32306.55,0.7297,0.009,0.0,32288.35,0.7097,2025-05
2025-05-15,115,33490.26,0.6261,0.0435,0.0087,32503.02,0.6988,2025-05
2025-05-16,111,33078.77,0.6937,0.018,0.0,31894.77,0.6927,2025-05
2025-05-17,77,23609.42,0.7273,0.013,0.0,31023.23,0.6935,2025-05
2025-05-18,77,24369.87,0.6883,0.013,0.013,30073.35,0.7053,2025-05
2025-05-19,97,27843.61,0.5876,0.0515,0.0,29426.8,0.6851,2025-05
2025-05-20,114,33992.37,0.7105,0.0351,0.0088,29812.98,0.6805,2025-05
2025-05-21,124,37038.06,0.6694,0.0323,0.0,30488.91,0.6718,2025-05
2025-05-22,105,31086.36,0.7429,0.019,0.0095,30145.49,0.6885,2025-05
2025-05-23,119,34582.44,0.6975,0.0168,0.0,30360.3,0.6891,2025-05
2025-05-24,106,33720.58,0.7453,0.0,0.0283,31804.76,0.6916,2025-05
2025-05-25,93,27850.92,0.6774,0.0215,0.0,32302.05,0.6901,2025-05
2025-05-26,115,33709.0,0.6783,0.0348,0.0,33139.96,0.703,2025-05
2025-05-27,106,30506.07,0.6981,0.0377,0.0,32641.92,0.7013,2025-05
2025-05-28,96,27244.01,0.6458,0.0417,0.0,31242.77,0.6979,2025-05
2025-05-29,116,35151.62,0.7672,0.0172,0.0,31823.52,0.7014,2025-05
2025-05-30,97,27205.41,0.6804,0.0412,0.0103,30769.66,0.6989,2025-05
2025-05-31,90,26777.56,0.7889,0.0333,0.0,29777.8,0.7052,2025-05
2025-06-01,82,22926.9,0.7317,0.0366,0.0,29074.37,0.7129,2025-06
2025-06-02,114,32478.98,0.693,0.0175,0.0,28898.65,0.715,2025-06
2025-06-03,100,27524.73,0.73,0.02,0.0,28472.74,0.7196,2025-06
2025-06-04,104,30754.02,0.6731,0.0096,0.0,28974.17,0.7235,2025-06
2025-06-05,99,28877.59,0.7071,0.0505,0.0,28077.88,0.7149,2025-06
2025-06-06,106,30496.31,0.7075,0.0189,0.0,28548.01,0.7188,2025-06
2025-06-07,106,29111.78,0.7547,0.0094,0.0,28881.47,0.7139,2025-06
2025-06-08,103,30215.79,0.7379,0.0097,0.0,29922.74,0.7148,2025-06
2025-06-09,118,33769.66,0.7627,0.0339,0.0,30107.13,0.7247,2025-06
2025-06-10,118,37526.68,0.6695,0.0169,0.0,31535.98,0.7161,2025-06
2025-06-11,127,36579.19,0.7165,0.0157,0.0,32368.14,0.7223,2025-06
2025-06-12,108,31883.68,0.75,0.0278,0.0,32797.58,0.7284,2025-06
2025-06-13,99,27455.76,0.7172,0.0202,0.0101,32363.22,0.7298,2025-06
2025-06-14,95,28385.33,0.7474,0.0526,0.0,32259.44,0.7287,2025-06
2025-06-15,108,32397.56,0.6852,0.0185,0.0,32571.12,0.7212,2025-06
2025-06-16,97,28022.1,0.7113,0.0515,0.0103,31750.04,0.7139,2025-06
2025-06-17,121,38295.21,0.719,0.0331,0.0,31859.83,0.7209,2025-06
2025-06-18,122,39149.87,0.7049,0.0246,0.0164,32227.07,0.7193,2025-06
2025-06-19,124,37406.43,0.6855,0.0403,0.0,33016.04,0.7101,2025-06
2025-06-20,102,30760.35,0.8039,0.0098,0.0,33488.12,0.7225,2025-06
2025-06-21,84,23736.74,0.7024,0.0119,0.0,32824.04,0.716,2025-06
2025-06-22,107,29919.15,0.6916,0.0374,0.0,32469.98,0.7169,2025-06
2025-06-23,105,30615.67,0.781,0.0095,0.0,32840.49,0.7269,2025-06
2025-06-24,110,30794.17,0.7091,0.0091,0.0,31768.91,0.7255,2025-06
2025-06-25,102,32561.89,0.6275,0.0686,0.0,30827.77,0.7144,2025-06
2025-06-26,107,30340.88,0.6729,0.0654,0.0,29818.41,0.7126,2025-06
2025-06-27,104,32045.82,0.6346,0.0288,0.0,30002.05,0.6884,2025-06
2025-06-28,102,28094.71,0.7255,0.0294,0.0,30624.61,0.6917,2025-06
2025-06-29,82,25201.57,0.6951,0.0122,0.0,29950.67,0.6922,2025-06
2025-06-30,92,27903.17,0.5978,0.0,0.0,29563.17,0.6661,2025-06
2025-07-01,114,32644.81,0.7456,0.0263,0.0,29827.55,0.6713,2025-07
2025-07-02,111,32184.3,0.7027,0.036,0.0,29773.61,0.682,2025-07
2025-07-03,97,27974.87,0.732,0.0412,0.0,29435.61,0.6905,2025-07
2025-07-04,102,30053.47,0.6961,0.0392,0.0098,29150.99,0.6993,2025-07
2025-07-05,94,28637.78,0.7234,0.0106,0.0,29228.57,0.699,2025-07
2025-07-06,101,29501.33,0.7327,0.0594,0.0,29842.82,0.7043,2025-07
2025-07-07,89,27567.79,0.6742,0.0225,0.0,29794.91,0.7152,2025-07
2025-07-08,86,23877.91,0.7093,0.0233,0.0,28542.49,0.7101,2025-07
2025-07-09,117,33197.78,0.6581,0.0,0.0085,28687.28,0.7037,2025-07
2025-07-10,114,35649.3,0.7719,0.0263,0.0,29783.62,0.7094,2025-07
2025-07-11,102,29714.57,0.7353,0.0196,0.0,29735.21,0.715,2025-07
2025-07-12,91,26771.4,0.7253,0.011,0.0,29468.58,0.7153,2025-07
2025-07-13,81,23488.28,0.8025,0.0,0.0,28609.58,0.7252,2025-07
2025-07-14,106,31961.31,0.7925,0.0189,0.0094,29237.22,0.7421,2025-07
2025-07-15,104,29803.63,0.7404,0.0096,0.0,30083.75,0.7466,2025-07
2025-07-16,96,27629.15,0.7917,0.0312,0.0104,29288.23,0.7657,2025-07
2025-07-17,92,29435.6,0.6957,0.0217,0.0,28400.56,0.7548,2025-07
2025-07-18,91,24934.38,0.7802,0.044,0.0,27717.68,0.7612,2025-07
2025-07-19,64,18919.86,0.7812,0.0156,0.0,26596.03,0.7692,2025-07
2025-07-20,73,22602.63,0.726,0.0685,0.0,26469.51,0.7582,2025-07
2025-07-21,108,32918.06,0.6667,0.037,0.0093,26606.19,0.7403,2025-07
2025-07-22,115,33848.76,0.7043,0.0261,0.0087,27184.06,0.7351,2025-07
2025-07-23,119,33362.59,0.7227,0.0336,0.0,28003.13,0.7253,2025-07
2025-07-24,104,31959.73,0.6635,0.0096,0.0,28363.72,0.7207,2025-07
2025-07-25,79,21324.73,0.6835,0.0127,0.0,27848.05,0.7068,2025-07
2025-07-26,87,27280.1,0.7126,0.023,0.0,29042.37,0.697,2025-07
2025-07-27,69,18853.58,0.7536,0.0435,0.0,28506.79,0.701,2025-07
2025-07-28,87,26307.73,0.7241,0.0115,0.0,27562.46,0.7092,2025-07
2025-07-29,101,28467.76,0.7228,0.0099,0.0,26793.75,0.7118,2025-07
2025-07-30,103,29041.93,0.6796,0.0,0.0,26176.51,0.7057,2025-07
2025-07-31,88,26082.85,0.8182,0.0227,0.0,25336.95,0.7278,2025-07
2025-08-01,75,20316.4,0.6933,0.0267,0.0,25192.91,0.7292,2025-08
2025-08-02,85,24619.87,0.7294,0.0235,0.0,24812.87,0.7316,2025-08
2025-08-03,74,20553.72,0.6757,0.0405,0.0,25055.75,0.7204,2025-08
2025-08-04,93,27632.6,0.6129,0.0,0.0,25245.02,0.7046,2025-08
2025-08-05,92,26747.17,0.7283,0.0326,0.0,24999.22,0.7053,2025-08
2025-08-06,109,33592.37,0.7064,0.055,0.0,25649.28,0.7092,2025-08
2025-08-07,116,32694.88,0.6638,0.0259,0.0,26593.86,0.6871,2025-08
2025-08-08,92,26100.49,0.7065,0.0217,0.0,27420.16,0.689,2025-08
2025-08-09,74,22256.02,0.7297,0.0541,0.0135,27082.46,0.689,2025-08
2025-08-10,71,19105.11,0.7183,0.0282,0.0,26875.52,0.6951,2025-08
2025-08-11,88,26407.09,0.75,0.0341,0.0,26700.45,0.7147,2025-08
2025-08-12,81,21984.86,0.7778,0.037,0.0123,26020.12,0.7218,2025-08
2025-08-13,105,28565.01,0.7333,0.0095,0.0,25301.92,0.7256,2025-08
2025-08-14,119,34133.59,0.6723,0.0252,0.0,25507.45,0.7268,2025-08
2025-08-15,92,27736.49,0.7609,0.0217,0.0217,25741.17,0.7346,2025-08
2025-08-16,84,24223.39,0.6786,0.0357,0.0119,26022.22,0.7273,2025-08
2025-08-17,94,29976.91,0.7234,0.0532,0.0,27575.33,0.728,2025-08
2025-08-18,99,28656.57,0.7273,0.0505,0.0101,27896.69,0.7248,2025-08
2025-08-19,104,30184.2,0.7115,0.0288,0.0,29068.02,0.7153,2025-08
2025-08-20,105,30920.22,0.7238,0.0095,0.0,29404.48,0.714,2025-08
2025-08-21,86,24474.76,0.7674,0.0349,0.0,28024.65,0.7276,2025-08
2025-08-22,75,22630.28,0.7067,0.0267,0.0,27295.19,0.7198,2025-08
2025-08-23,72,22109.21,0.7361,0.0139,0.0,26993.16,0.728,2025-08
2025-08-24,83,24035.09,0.6386,0.0361,0.0,26144.33,0.7159,2025-08
2025-08-25,99,30683.38,0.7172,0.0606,0.0202,26433.88,0.7145,2025-08
2025-08-26,88,26284.88,0.7955,0.0114,0.0114,25876.83,0.7265,2025-08
2025-08-27,118,34842.41,0.7203,0.0424,0.0085,26437.14,0.726,2025-08
2025-08-28,94,27242.5,0.7128,0.0,0.0106,26832.54,0.7182,2025-08
2025-08-29,99,27469.77,0.6768,0.0404,0.0,27523.89,0.7139,2025-08
2025-08-30,91,28214.55,0.7363,0.022,0.011,28396.08,0.7139,2025-08
2025-08-31,90,24356.53,0.6889,0.0556,0.0222,28442.0,0.7211,2025-08
2025-09-01,82,23987.41,0.7561,0.0,0.0,27485.44,0.7267,2025-09
2025-09-02,112,34262.12,0.6696,0.0357,0.0,28625.04,0.7087,2025-09
2025-09-03,91,26772.48,0.6484,0.044,0.0,27472.19,0.6984,2025-09
2025-09-04,85,22725.02,0.7882,0.0353,0.0,26826.84,0.7092,2025-09
2025-09-05,95,28453.19,0.7263,0.0211,0.0,26967.33,0.7163,2025-09
2025-09-06,83,24776.07,0.6506,0.0482,0.0,26476.12,0.704,2025-09
2025-09-07,71,19172.89,0.7183,0.0704,0.0,25735.6,0.7082,2025-09
2025-09-08,75,23665.88,0.7333,0.0,0.0,25689.66,0.705,2025-09
2025-09-09,111,31682.39,0.7568,0.0,0.0,25321.13,0.7174,2025-09
2025-09-10,88,24485.08,0.7727,0.0114,0.0,24994.36,0.7352,2025-09
2025-09-11,89,26845.34,0.6966,0.0337,0.0,25582.98,0.7221,2025-09
2025-09-12,74,21085.15,0.7162,0.0,0.0135,24530.4,0.7206,2025-09
2025-09-13,77,23533.89,0.8052,0.039,0.013,24352.95,0.7427,2025-09
2025-09-14,90,24929.63,0.7444,0.0111,0.0,25175.34,0.7465,2025-09
2025-09-15,89,25111.93,0.6629,0.0225,0.0,25381.92,0.7364,2025-09
2025-09-16,82,25695.93,0.7317,0.0,0.0122,24526.71,0.7328,2025-09
2025-09-17,112,33617.79,0.6964,0.0446,0.0089,25831.38,0.7219,2025-09
2025-09-18,109,32500.6,0.7339,0.0459,0.0,26639.27,0.7272,2025-09
2025-09-19,91,24994.2,0.6923,0.011,0.0,27197.71,0.7238,2025-09
2025-09-20,82,24976.99,0.6098,0.0488,0.0,27403.87,0.6959,2025-09
2025-09-21,67,20595.68,0.7463,0.0149,0.0,26784.73,0.6962,2025-09
2025-09-22,65,20576.27,0.7846,0.0154,0.0,26136.78,0.7136,2025-09
2025-09-23,92,29020.85,0.7609,0.0109,0.0,26611.77,0.7177,2025-09
2025-09-24,102,32007.81,0.6667,0.0196,0.0098,26381.77,0.7135,2025-09
2025-09-25,99,29972.01,0.6465,0.0404,0.0,26020.54,0.701,2025-09
2025-09-26,91,29736.76,0.7253,0.022,0.0,26698.05,0.7057,2025-09
2025-09-27,90,28727.83,0.7222,0.0333,0.0,27233.89,0.7218,2025-09
2025-09-28,83,22664.76,0.6988,0.0241,0.0,27529.47,0.715,2025-09
2025-09-29,99,30452.2,0.7273,0.0808,0.0,28940.32,0.7068,2025-09
2025-09-30,81,23725.61,0.7284,0.0123,0.0,28183.85,0.7022,2025-09
2025-10-01,101,30890.65,0.7327,0.0396,0.0,28024.26,0.7116,2025-10
2025-10-02,111,33945.68,0.7297,0.036,0.0,28591.93,0.7235,2025-10
2025-10-03,83,23239.3,0.6627,0.0241,0.0,27663.72,0.7145,2025-10
2025-10-04,83,23301.21,0.7108,0.0241,0.0,26888.49,0.7129,2025-10
2025-10-05,85,23808.43,0.7176,0.0235,0.0118,27051.87,0.7156,2025-10
2025-10-06,79,21894.23,0.6329,0.0,0.0127,25829.3,0.7021,2025-10
2025-10-07,89,24570.72,0.7753,0.0337,0.0,25950.03,0.7088,2025-10
2025-10-08,116,34094.34,0.7931,0.0172,0.0,26407.7,0.7174,2025-10
2025-10-09,95,24606.17,0.7263,0.0316,0.0,25073.49,0.717,2025-10
2025-10-10,95,27583.31,0.6421,0.0316,0.0,25694.06,0.714,2025-10
2025-10-11,90,26394.06,0.7,0.0333,0.0,26135.89,0.7125,2025-10
2025-10-12,84,23784.09,0.7381,0.0119,0.0119,26132.42,0.7154,2025-10
2025-10-13,107,32277.67,0.6449,0.0561,0.0,27615.77,0.7171,2025-10
2025-10-14,96,28255.76,0.6875,0.0104,0.0,28142.2,0.7046,2025-10
2025-10-15,98,28696.4,0.6837,0.0408,0.0,27371.07,0.6889,2025-10
2025-10-16,94,30548.79,0.7447,0.0426,0.0106,28220.01,0.6916,2025-10
2025-10-17,91,30408.7,0.7802,0.022,0.0,28623.64,0.7113,2025-10
2025-10-18,79,23745.49,0.7089,0.0253,0.0,28245.27,0.7126,2025-10
2025-10-19,87,25024.39,0.6782,0.0115,0.0,28422.46,0.704,2025-10
2025-10-20,93,27951.5,0.7312,0.0323,0.0,27804.43,0.7163,2025-10
2025-10-21,117,33516.32,0.6838,0.0598,0.0171,28555.94,0.7158,2025-10
2025-10-22,105,32592.01,0.7333,0.0,0.0095,29112.46,0.7229,2025-10
2025-10-23,116,32264.23,0.7586,0.0172,0.0,29357.52,0.7249,2025-10
2025-10-24,86,27877.48,0.7674,0.0116,0.0,28995.92,0.7231,2025-10
2025-10-25,91,25691.47,0.6044,0.044,0.0,29273.91,0.7081,2025-10
2025-10-26,97,29017.2,0.7423,0.0103,0.0,29844.32,0.7173,2025-10
2025-10-27,91,26225.08,0.7143,0.022,0.0,29597.68,0.7149,2025-10
2025-10-28,102,33609.03,0.6961,0.0098,0.0,29610.93,0.7166,2025-10
2025-10-29,108,35098.69,0.6759,0.0463,0.0,29969.03,0.7084,2025-10
2025-10-30,101,28615.87,0.6436,0.0495,0.0099,29447.83,0.692,2025-10
2025-10-31,86,23618.65,0.6744,0.0,0.0,28839.43,0.6787,2025-10
2025-11-01,85,26069.08,0.7765,0.0353,0.0,28893.37,0.7033,2025-11
2025-11-02,86,26997.19,0.6744,0.0233,0.0,28604.8,0.6936,2025-11
2025-11-03,111,34992.0,0.7748,0.027,0.009,29857.22,0.7022,2025-11
2025-11-04,100,28539.41,0.74,0.03,0.0,29132.98,0.7085,2025-11
2025-11-05,120,32338.76,0.7083,0.05,0.0,28738.71,0.7131,2025-11
2025-11-06,88,28945.65,0.7159,0.0227,0.0,28785.82,0.7235,2025-11
2025-11-07,92,25817.22,0.7065,0.0435,0.0,29099.9,0.7281,2025-11
2025-11-08,74,22116.87,0.6892,0.0405,0.0135,28535.3,0.7156,2025-11
2025-11-09,97,29316.09,0.7526,0.0103,0.0,28866.57,0.7268,2025-11
2025-11-10,92,26787.52,0.8043,0.0,0.0109,27694.5,0.731,2025-11
2025-11-11,100,29825.26,0.72,0.05,0.0,27878.2,0.7281,2025-11
2025-11-12,90,27841.35,0.7444,0.0556,0.0,27235.71,0.7333,2025-11
2025-11-13,116,32086.36,0.7414,0.0259,0.0086,27684.38,0.7369,2025-11
2025-11-14,114,34750.69,0.7018,0.0351,0.0,28960.59,0.7362,2025-11
2025-11-15,86,25721.21,0.7791,0.0233,0.0,29475.5,0.7491,2025-11
2025-11-16,85,25636.27,0.6824,0.0118,0.0,28949.81,0.7391,2025-11
2025-11-17,106,28994.19,0.783,0.0283,0.0,29265.05,0.736,2025-11
2025-11-18,112,33468.52,0.7411,0.0268,0.0,29785.51,0.739,2025-11
2025-11-19,98,29773.06,0.6939,0.0204,0.0102,30061.47,0.7318,2025-11
2025-11-20,102,31131.32,0.7255,0.0196,0.0098,29925.04,0.7295,2025-11
2025-11-21,114,32669.51,0.7456,0.0088,0.0,29627.73,0.7358,2025-11
2025-11-22,101,28645.4,0.6337,0.0198,0.0198,30045.47,0.715,2025-11
2025-11-23,96,29607.69,0.7083,0.0521,0.0104,30612.81,0.7187,2025-11
2025-11-24,115,29405.69,0.7391,0.0261,0.0,30671.6,0.7125,2025-11
2025-11-25,115,34873.76,0.713,0.0261,0.0,30872.35,0.7084,2025-11
2025-11-26,107,32775.9,0.6916,0.0561,0.0,31301.32,0.7081,2025-11
2025-11-27,107,31874.15,0.7009,0.0467,0.0,31407.44,0.7046,2025-11
2025-11-28,96,27679.56,0.7812,0.0208,0.0,30694.59,0.7097,2025-11
2025-11-29,81,26508.51,0.716,0.0247,0.0,30389.32,0.7214,2025-11
2025-11-30,75,21549.51,0.7333,0.0133,0.0,29238.15,0.725,2025-11
2025-12-01,114,33242.42,0.693,0.0088,0.0,29786.26,0.7184,2025-12
2025-12-02,120,34974.05,0.6417,0.0167,0.0167,29800.59,0.7082,2025-12
2025-12-03,118,36481.44,0.7458,0.0424,0.0,30329.95,0.716,2025-12
2025-12-04,107,34812.95,0.7664,0.0,0.0,30749.78,0.7253,2025-12
2025-12-05,89,28855.97,0.6742,0.0225,0.0,30917.84,0.7101,2025-12
2025-12-06,93,27615.88,0.7312,0.0323,0.0,31076.03,0.7122,2025-12
2025-12-07,90,27812.01,0.6556,0.0333,0.0111,31970.67,0.7011,2025-12
2025-12-08,95,27025.8,0.7053,0.0421,0.0,31082.59,0.7029,2025-12
2025-12-09,112,32939.29,0.6964,0.0446,0.0179,30791.91,0.7107,2025-12
2025-12-10,100,26980.51,0.72,0.01,0.0,29434.63,0.707,2025-12
2025-12-11,116,34372.88,0.6897,0.0172,0.0086,29371.76,0.6961,2025-12
2025-12-12,120,34825.2,0.775,0.0417,0.0083,30224.51,0.7105,2025-12
2025-12-13,89,26640.98,0.6742,0.0225,0.0,30085.24,0.7023,2025-12
2025-12-14,110,29903.32,0.7091,0.0364,0.0,30384.0,0.71,2025-12
2025-12-15,126,38067.71,0.6349,0.0397,0.0,31961.41,0.6999,2025-12
2025-12-16,96,26847.52,0.7083,0.0521,0.0,31091.16,0.7016,2025-12
2025-12-17,109,32157.48,0.7156,0.0092,0.0,31830.73,0.701,2025-12
2025-12-18,95,28153.75,0.6947,0.0421,0.0,30942.28,0.7017,2025-12
2025-12-19,101,32552.08,0.6436,0.0495,0.0099,30617.55,0.6829,2025-12
2025-12-20,89,27775.6,0.6966,0.0449,0.0,30779.64,0.6861,2025-12
2025-12-21,91,27495.2,0.7143,0.022,0.0,30435.62,0.6869,2025-12
2025-12-22,95,27526.41,0.7789,0.0211,0.0,28929.72,0.7074,2025-12
2025-12-23,120,34797.54,0.7417,0.0417,0.0,30065.44,0.7122,2025-12
2025-12-24,122,36570.73,0.7213,0.041,0.0,30695.9,0.713,2025-12
2025-12-25,118,33668.78,0.7627,0.0085,0.0169,31483.76,0.7227,2025-12
2025-12-26,100,29849.46,0.69,0.01,0.0,31097.67,0.7294,2025-12
2025-12-27,99,29273.95,0.697,0.0505,0.0,31311.72,0.7294,2025-12
2025-12-28,97,28828.25,0.7216,0.0206,0.0103,31502.16,0.7305,2025-12
2025-12-29,119,34407.44,0.7143,0.0252,0.0084,32485.16,0.7212,2025-12
2025-12-30,110,34808.99,0.7273,0.0545,0.0,32486.8,0.7192,2025-12
2025-12-31,136,38655.01,0.6471,0.0294,0.0,32784.55,0.7086,2025-12
